{
  "project_info": {
    "project_number": "333059696032",
    "project_id": "androidpracticas-984d1",
    "storage_bucket": "androidpracticas-984d1.appspot.com"
  },
  "client": [
    {
      "client_info": {
        "mobilesdk_app_id": "1:333059696032:android:d2fdf2ffd30bc81b1d30c5",
        "android_client_info": {
          "package_name": "com.example.login"
        }
      },
      "oauth_client": [
        {
          "client_id": "333059696032-ih4edfefsnj578986s4i17h8p46313k4.apps.googleusercontent.com",
          "client_type": 3
        }
      ],
      "api_key": [
        {
          "current_key": "AIzaSyAzJ2_GkBefPh9nQaYgJLKNO19rPdNZ_KE"
        }
      ],
      "services": {
        "appinvite_service": {
          "other_platform_oauth_client": [
            {
              "client_id": "333059696032-ih4edfefsnj578986s4i17h8p46313k4.apps.googleusercontent.com",
              "client_type": 3
            }
          ]
        }
      }
    },
    {
      "client_info": {
        "mobilesdk_app_id": "1:333059696032:android:ef00fce7f2da8bc51d30c5",
        "android_client_info": {
          "package_name": "com.example.prueba"
        }
      },
      "oauth_client": [
        {
          "client_id": "333059696032-ih4edfefsnj578986s4i17h8p46313k4.apps.googleusercontent.com",
          "client_type": 3
        }
      ],
      "api_key": [
        {
          "current_key": "AIzaSyAzJ2_GkBefPh9nQaYgJLKNO19rPdNZ_KE"
        }
      ],
      "services": {
        "appinvite_service": {
          "other_platform_oauth_client": [
            {
              "client_id": "333059696032-ih4edfefsnj578986s4i17h8p46313k4.apps.googleusercontent.com",
              "client_type": 3
            }
          ]
        }
      }
    }
  ],
  "configuration_version": "1"
}